{"cv_fold": 2,
"dropout_rate": 0.3913409988075172,
  "lr": 0.000037362613827282154,
  "min_lr": 1.9566985127805457e-8,
  "num_hidden_layers": 10,
  "num_hidden_units": 238,
  "optimizer_type": "Adam",
  "scheduler_type": "CosineAnnealingLR",
  "weight_decay": 0.0013824721415630014
}
